Datum;Eroeffnung;Hoch;Tief;Schluss
02.01.2017; 59.39; 60.25; 58.95; 60.02
03.01.2017; 59.90; 60.66; 59.75; 60.13
04.01.2017; 60.32; 60.32; 59.32; 59.40
05.01.2017; 59.19; 59.56; 58.66; 58.78
06.01.2017; 58.76; 59.90; 58.70; 59.67
09.01.2017; 59.90; 59.95; 59.23; 59.29
10.01.2017; 59.01; 59.67; 58.75; 59.29
11.01.2017; 59.30; 60.31; 59.09; 59.73
12.01.2017; 59.47; 59.47; 58.10; 58.93
13.01.2017; 59.05; 59.20; 58.73; 58.95
16.01.2017; 59.22; 59.40; 58.90; 59.33
17.01.2017; 58.95; 59.00; 57.96; 58.40
18.01.2017; 58.64; 58.89; 58.19; 58.75
19.01.2017; 58.70; 59.09; 58.25; 58.44
20.01.2017; 58.50; 59.05; 58.25; 58.66
23.01.2017; 58.50; 58.70; 58.20; 58.65
24.01.2017; 58.76; 59.41; 58.56; 59.19
25.01.2017; 59.50; 59.82; 59.05; 59.22
26.01.2017; 59.47; 60.39; 59.36; 60.34
27.01.2017; 61.00; 61.62; 60.72; 61.49
30.01.2017; 61.30; 61.67; 60.58; 60.89
31.01.2017; 60.80; 61.00; 59.54; 59.86
01.02.2017; 60.30; 60.50; 58.94; 58.98
02.02.2017; 58.85; 58.87; 58.03; 58.65
03.02.2017; 58.85; 59.21; 58.50; 59.06
06.02.2017; 59.29; 59.40; 58.94; 59.18
07.02.2017; 59.50; 59.82; 59.20; 59.34
08.02.2017; 59.57; 59.80; 59.20; 59.25
09.02.2017; 59.36; 60.37; 59.15; 60.06
10.02.2017; 60.28; 60.60; 60.14; 60.15
13.02.2017; 60.50; 61.21; 60.20; 61.06
14.02.2017; 60.50; 61.07; 60.50; 61.06
15.02.2017; 61.09; 61.40; 60.56; 60.85
16.02.2017; 61.00; 61.16; 60.37; 60.44
17.02.2017; 60.60; 60.81; 60.39; 60.91
20.02.2017; 61.20; 61.29; 61.07; 61.28
21.02.2017; 61.35; 61.62; 61.08; 61.13
22.02.2017; 61.42; 61.52; 60.65; 60.91
23.02.2017; 60.97; 61.21; 60.67; 61.07
24.02.2017; 61.01; 61.29; 60.42; 61.16
27.02.2017; 61.26; 61.40; 60.26; 60.65
28.02.2017; 60.64; 60.64; 60.11; 60.38
01.03.2017; 60.65; 61.65; 60.65; 61.55
02.03.2017; 61.64; 61.80; 60.82; 60.91
03.03.2017; 60.86; 60.90; 60.34; 60.49
06.03.2017; 60.70; 61.02; 60.00; 60.74
07.03.2017; 60.77; 61.23; 60.60; 60.91
08.03.2017; 60.90; 61.71; 60.88; 61.63
09.03.2017; 61.63; 61.70; 60.87; 61.18
10.03.2017; 61.17; 61.47; 60.63; 60.77
13.03.2017; 60.65; 61.08; 60.58; 60.80
14.03.2017; 60.80; 60.88; 60.34; 60.76
15.03.2017; 60.79; 60.84; 60.43; 60.28
16.03.2017; 60.45; 60.68; 59.86; 60.04
17.03.2017; 59.91; 60.59; 59.82; 60.44
20.03.2017; 60.50; 60.60; 60.17; 60.38
21.03.2017; 60.30; 60.54; 59.16; 59.28
22.03.2017; 59.34; 60.36; 59.05; 60.21
23.03.2017; 60.27; 60.47; 60.06; 60.17
24.03.2017; 60.50; 60.57; 59.89; 60.21
27.03.2017; 59.65; 60.03; 59.10; 59.91
28.03.2017; 60.00; 60.63; 59.51; 60.39
29.03.2017; 60.45; 60.80; 60.35; 60.78
30.03.2017; 60.93; 61.57; 60.74; 61.53
31.03.2017; 61.50; 61.95; 61.22; 61.74
03.04.2017; 61.90; 62.00; 61.17; 61.42
04.04.2017; 61.36; 61.72; 61.00; 61.62
05.04.2017; 61.70; 62.30; 61.34; 61.41
06.04.2017; 61.23; 61.93; 61.15; 61.76
07.04.2017; 61.41; 62.32; 61.28; 62.00
10.04.2017; 62.40; 62.40; 61.66; 61.88
11.04.2017; 61.90; 62.02; 61.10; 61.75
12.04.2017; 61.84; 62.03; 61.31; 61.19
13.04.2017; 61.26; 61.97; 61.11; 61.18
18.04.2017; 61.71; 61.71; 60.90; 60.91
19.04.2017; 61.04; 61.30; 60.52; 60.69
20.04.2017; 60.85; 61.38; 60.48; 61.12
21.04.2017; 61.28; 62.39; 61.15; 62.04
24.04.2017; 61.87; 62.32; 61.80; 62.11
25.04.2017; 62.31; 62.42; 61.92; 62.11
26.04.2017; 62.31; 62.83; 62.04; 62.18
27.04.2017; 62.20; 62.89; 62.17; 62.79
28.04.2017; 62.30; 63.29; 62.15; 62.85
02.05.2017; 63.76; 63.95; 63.35; 63.42
03.05.2017; 63.49; 63.57; 62.97; 63.40
04.05.2017; 63.45; 63.55; 62.52; 62.63
05.05.2017; 62.70; 63.00; 62.33; 62.73
08.05.2017; 63.01; 63.24; 62.54; 63.07
09.05.2017; 63.16; 63.59; 63.03; 63.49
10.05.2017; 63.40; 64.00; 63.20; 63.79
11.05.2017; 64.00; 64.00; 62.73; 63.03
12.05.2017; 62.98; 63.18; 62.35; 62.55
15.05.2017; 62.80; 62.87; 61.55; 62.33
16.05.2017; 62.20; 62.52; 61.46; 62.63
17.05.2017; 62.25; 62.40; 60.45; 60.49
18.05.2017; 60.25; 61.30; 60.20; 60.93
19.05.2017; 60.90; 60.91; 60.43; 60.41
22.05.2017; 60.74; 60.94; 60.04; 60.91
23.05.2017; 60.70; 61.47; 60.70; 61.42
24.05.2017; 61.50; 61.50; 61.19; 61.32
25.05.2017; 61.50; 62.09; 61.29; 62.05
26.05.2017; 62.24; 62.75; 62.00; 62.64
29.05.2017; 62.59; 62.80; 62.41; 62.49
30.05.2017; 62.82; 62.94; 62.43; 62.93
31.05.2017; 62.97; 63.20; 62.19; 62.18
01.06.2017; 62.35; 62.90; 61.90; 62.53
02.06.2017; 62.80; 63.61; 62.34; 63.59
05.06.2017; 63.90; 64.75; 63.57; 64.21
06.06.2017; 64.13; 64.45; 64.00; 64.31
07.06.2017; 64.43; 64.89; 63.96; 64.24
08.06.2017; 64.34; 64.71; 63.77; 64.15
09.06.2017; 64.10; 64.80; 61.48; 62.72
12.06.2017; 62.87; 62.95; 60.81; 62.27
13.06.2017; 62.33; 63.17; 62.33; 63.04
14.06.2017; 63.00; 63.34; 62.00; 62.64
15.06.2017; 62.46; 62.85; 61.73; 62.70
16.06.2017; 62.66; 62.98; 61.92; 62.48
19.06.2017; 62.60; 63.55; 62.60; 63.55
20.06.2017; 63.70; 63.70; 62.80; 62.80
21.06.2017; 62.55; 63.32; 62.37; 63.00
22.06.2017; 63.32; 63.44; 62.49; 63.01
23.06.2017; 63.17; 63.43; 62.55; 63.61
26.06.2017; 63.80; 64.00; 63.05; 63.08
27.06.2017; 63.14; 63.18; 61.04; 60.99
28.06.2017; 60.90; 61.41; 60.40; 61.31
29.06.2017; 61.49; 61.52; 59.52; 59.87
30.06.2017; 59.79; 60.71; 59.60; 60.36
03.07.2017; 60.55; 61.09; 59.90; 60.02
04.07.2017; 59.95; 60.25; 59.90; 60.05
05.07.2017; 60.14; 61.19; 59.87; 60.91
06.07.2017; 60.84; 60.90; 59.84; 60.05
07.07.2017; 60.06; 61.12; 59.95; 60.88
10.07.2017; 61.10; 61.59; 60.90; 61.40
11.07.2017; 61.54; 61.91; 60.97; 61.06
12.07.2017; 61.15; 62.38; 61.00; 62.33
13.07.2017; 62.19; 63.22; 62.19; 62.91
14.07.2017; 62.80; 63.76; 62.66; 63.44
17.07.2017; 63.80; 63.96; 63.40; 63.89
18.07.2017; 63.80; 64.00; 62.89; 63.40
19.07.2017; 63.70; 64.26; 63.65; 64.11
20.07.2017; 64.40; 64.65; 63.18; 63.86
21.07.2017; 63.80; 64.84; 62.71; 63.21
24.07.2017; 63.30; 63.40; 62.88; 63.32
25.07.2017; 63.03; 63.81; 62.88; 63.72
26.07.2017; 63.74; 63.98; 62.99; 63.17
27.07.2017; 63.21; 63.78; 61.96; 62.64
28.07.2017; 62.45; 62.45; 61.77; 62.11
31.07.2017; 62.13; 62.60; 61.47; 61.44
01.08.2017; 61.76; 62.02; 61.54; 61.49
02.08.2017; 61.66; 61.66; 60.07; 60.95
03.08.2017; 60.90; 61.04; 60.61; 60.75
04.08.2017; 60.75; 62.11; 60.61; 61.67
07.08.2017; 61.85; 62.07; 61.34; 61.38
08.08.2017; 61.24; 62.26; 60.77; 61.96
09.08.2017; 61.82; 61.85; 61.32; 61.63
10.08.2017; 61.70; 61.80; 60.65; 60.65
11.08.2017; 60.43; 61.38; 60.43; 61.32
14.08.2017; 61.70; 62.51; 61.61; 62.44
15.08.2017; 62.40; 62.78; 62.26; 62.38
16.08.2017; 62.44; 63.38; 62.30; 62.58
17.08.2017; 62.31; 63.05; 61.80; 61.73
18.08.2017; 61.75; 61.89; 61.26; 61.63
21.08.2017; 61.55; 61.75; 60.71; 61.09
22.08.2017; 61.38; 62.26; 61.27; 62.21
23.08.2017; 62.30; 62.30; 61.43; 61.53
24.08.2017; 61.63; 61.93; 61.10; 61.60
25.08.2017; 61.68; 62.10; 61.04; 61.07
28.08.2017; 61.10; 61.12; 60.62; 60.82
29.08.2017; 60.35; 61.01; 59.70; 61.05
30.08.2017; 61.25; 62.41; 61.05; 62.22
31.08.2017; 62.33; 63.02; 61.90; 62.82
01.09.2017; 63.07; 63.15; 62.04; 62.30
04.09.2017; 62.13; 62.16; 61.73; 61.91
05.09.2017; 61.89; 62.35; 61.36; 61.78
06.09.2017; 61.83; 62.05; 61.48; 61.61
07.09.2017; 61.42; 62.14; 61.02; 61.87
08.09.2017; 61.55; 61.80; 61.43; 61.53
11.09.2017; 61.98; 62.53; 61.82; 62.53
12.09.2017; 62.53; 63.02; 62.20; 62.39
13.09.2017; 62.39; 63.25; 62.24; 63.26
14.09.2017; 63.19; 63.50; 62.79; 62.81
15.09.2017; 62.56; 63.00; 61.91; 63.03
18.09.2017; 63.20; 63.68; 62.81; 62.86
19.09.2017; 62.69; 63.14; 62.54; 62.87
20.09.2017; 62.89; 63.01; 62.37; 63.01
21.09.2017; 63.10; 63.11; 62.20; 62.20
22.09.2017; 61.99; 62.27; 61.74; 62.25
25.09.2017; 62.36; 62.66; 61.57; 61.86
26.09.2017; 62.01; 62.60; 61.91; 62.14
27.09.2017; 62.31; 63.04; 62.31; 62.85
28.09.2017; 63.13; 63.14; 62.24; 62.70
29.09.2017; 62.85; 63.03; 62.45; 62.99
02.10.2017; 63.36; 63.84; 63.25; 63.57
03.10.2017; 63.89; 63.89; 63.20; 63.21
04.10.2017; 63.13; 63.48; 62.73; 63.48
05.10.2017; 63.62; 65.03; 63.62; 64.90
06.10.2017; 65.06; 65.06; 64.40; 64.76
09.10.2017; 64.83; 65.15; 64.40; 64.93
10.10.2017; 64.85; 64.98; 64.49; 64.59
11.10.2017; 64.54; 64.66; 64.10; 64.39
12.10.2017; 64.26; 65.23; 64.26; 65.18
13.10.2017; 65.10; 65.68; 65.10; 65.59
16.10.2017; 65.65; 66.00; 65.56; 65.85
17.10.2017; 66.00; 66.20; 65.40; 65.92
18.10.2017; 65.98; 66.26; 65.75; 65.83
19.10.2017; 65.86; 66.00; 65.20; 65.80
20.10.2017; 66.20; 67.04; 65.95; 66.93
23.10.2017; 67.00; 67.59; 66.84; 67.11
24.10.2017; 67.23; 67.31; 66.79; 67.05
25.10.2017; 67.05; 67.10; 66.07; 66.63
26.10.2017; 66.67; 67.95; 66.55; 67.64
27.10.2017; 70.50; 74.30; 69.80; 72.26
30.10.2017; 72.10; 72.60; 71.60; 71.90
31.10.2017; 72.02; 72.45; 71.49; 71.50
01.11.2017; 71.60; 72.12; 71.33; 71.58
02.11.2017; 71.36; 72.40; 71.12; 72.20
03.11.2017; 72.37; 72.85; 71.77; 72.37
06.11.2017; 72.40; 73.13; 72.30; 72.77
07.11.2017; 72.92; 73.50; 72.47; 72.66
08.11.2017; 72.59; 72.90; 72.30; 72.91
09.11.2017; 72.88; 73.22; 71.21; 72.20
10.11.2017; 72.30; 72.39; 71.36; 71.88
13.11.2017; 72.15; 72.16; 71.59; 71.93
14.11.2017; 72.03; 72.03; 70.56; 71.27
15.11.2017; 70.80; 71.01; 69.50; 70.38
16.11.2017; 70.51; 70.96; 70.50; 70.68
17.11.2017; 70.43; 70.76; 69.80; 69.85
20.11.2017; 70.30; 70.45; 69.67; 70.38
21.11.2017; 70.29; 71.50; 70.18; 71.32
22.11.2017; 71.39; 71.52; 70.35; 70.30
23.11.2017; 70.28; 70.70; 70.10; 70.58
24.11.2017; 70.65; 70.75; 69.47; 69.76
27.11.2017; 69.85; 70.50; 69.61; 70.47
28.11.2017; 70.53; 71.76; 70.41; 71.69
29.11.2017; 71.67; 72.00; 70.17; 70.32
30.11.2017; 70.40; 71.04; 70.11; 70.65
01.12.2017; 70.66; 71.50; 69.76; 70.83
04.12.2017; 71.54; 71.80; 68.09; 68.31
05.12.2017; 68.67; 69.86; 67.90; 69.01
06.12.2017; 68.95; 70.50; 68.64; 70.19
07.12.2017; 70.34; 70.50; 69.55; 70.04
08.12.2017; 70.41; 71.84; 70.25; 71.55
11.12.2017; 71.60; 72.39; 71.24; 72.38
12.12.2017; 72.67; 73.25; 72.40; 72.91
13.12.2017; 72.88; 73.30; 72.32; 72.21
14.12.2017; 72.42; 72.60; 71.68; 71.87
15.12.2017; 72.03; 73.97; 71.85; 73.85
18.12.2017; 74.00; 74.40; 73.18; 73.37
19.12.2017; 73.23; 73.40; 72.16; 72.48
20.12.2017; 72.70; 73.00; 71.32; 72.06
21.12.2017; 72.43; 72.56; 71.95; 72.05
22.12.2017; 72.20; 72.49; 71.76; 72.17
27.12.2017; 72.15; 72.30; 71.60; 72.04
28.12.2017; 71.94; 72.15; 71.59; 71.78
29.12.2017; 71.69; 71.86; 71.42; 71.53
02.01.2018; 71.30; 71.63; 70.63; 71.25
03.01.2018; 71.50; 72.10; 71.50; 71.80
04.01.2018; 71.80; 72.60; 71.70; 72.15
05.01.2018; 72.40; 73.40; 72.30; 73.15
08.01.2018; 73.50; 73.90; 73.20; 73.75
09.01.2018; 73.90; 74.40; 73.70; 73.85
10.01.2018; 74.00; 74.00; 72.80; 73.45
11.01.2018; 73.50; 73.90; 72.60; 73.15
12.01.2018; 73.20; 73.70; 72.90; 73.55
15.01.2018; 73.70; 73.70; 73.10; 73.25
16.01.2018; 73.60; 74.30; 72.00; 71.95
17.01.2018; 72.30; 73.80; 72.30; 73.85
18.01.2018; 73.90; 74.20; 73.30; 73.65
19.01.2018; 73.70; 74.10; 73.20; 73.65
22.01.2018; 73.70; 74.70; 73.20; 74.75
23.01.2018; 75.10; 75.30; 74.60; 74.75
24.01.2018; 74.90; 75.30; 73.90; 74.05
25.01.2018; 73.80; 74.70; 73.70; 74.45
26.01.2018; 74.50; 75.60; 74.30; 75.65
29.01.2018; 76.10; 77.10; 75.70; 75.75
30.01.2018; 76.10; 76.10; 74.10; 74.84
31.01.2018; 74.62; 76.61; 74.62; 76.54
01.02.2018; 76.74; 77.03; 74.91; 75.31
02.02.2018; 75.74; 75.77; 73.60; 73.81
05.02.2018; 73.50; 75.00; 70.83; 71.09
06.02.2018; 68.80; 74.05; 67.50; 73.84
07.02.2018; 73.60; 74.62; 72.71; 73.09
08.02.2018; 73.30; 73.65; 69.14; 69.38
09.02.2018; 69.71; 72.39; 68.63; 71.91
12.02.2018; 72.40; 72.99; 71.69; 72.57
13.02.2018; 72.36; 72.79; 71.13; 72.69
14.02.2018; 72.68; 73.11; 71.47; 72.89
15.02.2018; 73.07; 74.12; 72.73; 74.14
16.02.2018; 74.05; 75.11; 74.02; 74.13
19.02.2018; 74.32; 74.85; 73.96; 74.30
20.02.2018; 74.50; 75.49; 73.72; 75.16
21.02.2018; 75.07; 75.73; 74.70; 74.50
22.02.2018; 74.20; 75.18; 73.99; 74.44
23.02.2018; 75.43; 76.28; 74.65; 76.51
26.02.2018; 76.48; 77.59; 76.32; 77.50
27.02.2018; 77.62; 78.10; 77.03; 77.08
28.02.2018; 77.40; 78.52; 76.79; 76.93
01.03.2018; 77.40; 77.43; 75.17; 75.71
02.03.2018; 75.50; 75.86; 73.85; 75.32
05.03.2018; 75.49; 76.49; 74.80; 75.89
06.03.2018; 76.12; 76.40; 74.95; 75.23
07.03.2018; 74.00; 75.66; 73.56; 75.61
08.03.2018; 75.55; 77.04; 75.51; 76.63
09.03.2018; 76.75; 78.37; 76.40; 78.39
12.03.2018; 78.20; 78.90; 77.95; 78.55
13.03.2018; 78.64; 78.72; 75.70; 76.20
14.03.2018; 76.15; 77.23; 75.71; 75.75
15.03.2018; 76.19; 77.00; 75.22; 76.97
16.03.2018; 76.86; 77.66; 76.48; 77.01
19.03.2018; 76.99; 76.99; 74.58; 75.65
20.03.2018; 75.26; 76.53; 75.21; 76.19
21.03.2018; 76.10; 76.41; 74.81; 74.97
22.03.2018; 75.08; 75.08; 72.77; 72.95
23.03.2018; 71.86; 73.27; 70.33; 70.39
26.03.2018; 70.98; 75.57; 70.71; 75.36
27.03.2018; 75.71; 76.75; 71.65; 72.17
28.03.2018; 72.40; 73.81; 71.39; 72.67
29.03.2018; 73.02; 74.99; 71.80; 74.15
03.04.2018; 72.60; 73.23; 71.84; 73.16
04.04.2018; 72.56; 75.58; 71.45; 75.12
05.04.2018; 75.66; 76.04; 74.90; 75.51
06.04.2018; 74.70; 75.20; 72.79; 73.32
09.04.2018; 74.00; 75.50; 73.75; 73.68
10.04.2018; 74.80; 75.59; 74.20; 75.19
11.04.2018; 75.00; 75.26; 74.00; 74.32
12.04.2018; 74.65; 76.26; 74.15; 75.96
13.04.2018; 75.85; 76.40; 74.84; 75.44
16.04.2018; 75.89; 76.42; 75.28; 76.10
17.04.2018; 76.49; 78.21; 76.30; 77.66
18.04.2018; 77.70; 78.08; 77.12; 77.79
19.04.2018; 78.28; 78.39; 77.40; 77.82
20.04.2018; 77.74; 78.24; 76.68; 77.34
23.04.2018; 77.57; 78.76; 77.30; 78.06
24.04.2018; 78.43; 78.91; 75.46; 76.10
25.04.2018; 76.35; 76.70; 74.04; 75.89
26.04.2018; 76.50; 78.69; 76.00; 77.90
27.04.2018; 79.40; 81.25; 77.60; 78.98
30.04.2018; 79.42; 79.94; 77.20; 77.50
02.05.2018; 79.49; 79.89; 78.15; 78.34
03.05.2018; 78.01; 79.26; 77.41; 78.52
04.05.2018; 78.75; 79.74; 77.98; 79.61
07.05.2018; 80.19; 81.20; 79.90; 80.74
08.05.2018; 80.85; 81.12; 79.98; 80.77
09.05.2018; 80.80; 81.87; 80.15; 81.74
10.05.2018; 81.62; 82.30; 81.35; 81.61
11.05.2018; 82.50; 82.60; 81.15; 81.80
14.05.2018; 82.16; 82.45; 81.20; 82.12
15.05.2018; 82.40; 82.44; 81.50; 82.13
16.05.2018; 81.62; 82.75; 81.62; 82.28
17.05.2018; 82.14; 82.65; 81.11; 81.55
18.05.2018; 81.75; 82.30; 81.50; 81.89
21.05.2018; 82.64; 83.51; 82.31; 83.00
22.05.2018; 83.15; 83.37; 82.53; 82.79
23.05.2018; 82.95; 84.25; 82.25; 84.27
24.05.2018; 84.01; 84.41; 82.60; 83.84
25.05.2018; 84.30; 84.80; 84.02; 84.30
28.05.2018; 84.60; 85.09; 84.31; 84.99
29.05.2018; 85.06; 85.47; 84.18; 84.95
30.05.2018; 85.22; 85.39; 84.49; 84.84
31.05.2018; 84.65; 85.68; 84.47; 84.58
01.06.2018; 84.42; 86.49; 84.42; 86.45
04.06.2018; 86.63; 87.28; 86.10; 86.91
05.06.2018; 87.17; 87.75; 86.67; 87.24
06.06.2018; 87.36; 87.72; 86.51; 87.08
07.06.2018; 87.10; 87.24; 85.01; 85.47
08.06.2018; 85.59; 86.67; 85.01; 86.37
11.06.2018; 86.00; 86.48; 85.36; 85.76
12.06.2018; 86.10; 86.50; 85.65; 86.22
13.06.2018; 86.39; 86.83; 85.54; 85.57
14.06.2018; 85.60; 87.70; 85.10; 87.55
15.06.2018; 87.84; 87.89; 86.50; 86.28
18.06.2018; 86.50; 87.05; 85.35; 86.79
19.06.2018; 86.20; 87.28; 85.55; 87.15
20.06.2018; 87.49; 88.49; 87.23; 88.06
21.06.2018; 88.65; 88.75; 86.74; 87.08
22.06.2018; 86.90; 86.90; 85.46; 86.02
25.06.2018; 85.86; 86.09; 83.11; 84.07
26.06.2018; 84.21; 85.94; 84.10; 85.13
27.06.2018; 84.99; 86.03; 83.73; 84.42
28.06.2018; 84.78; 85.88; 83.82; 85.31
29.06.2018; 85.27; 85.70; 84.77; 84.56
02.07.2018; 84.70; 86.23; 84.08; 86.09
03.07.2018; 86.30; 86.70; 84.73; 84.87
04.07.2018; 84.90; 85.59; 84.61; 85.50
05.07.2018; 84.95; 85.59; 84.70; 85.31
06.07.2018; 85.45; 86.44; 84.84; 86.16
09.07.2018; 86.45; 86.84; 86.15; 86.74
10.07.2018; 86.99; 87.59; 86.70; 86.87
11.07.2018; 86.50; 87.63; 86.02; 87.40
12.07.2018; 87.61; 89.49; 87.52; 89.26
13.07.2018; 89.74; 90.40; 89.38; 90.26
16.07.2018; 90.50; 90.75; 89.31; 89.56
17.07.2018; 89.24; 91.34; 89.01; 90.85
18.07.2018; 91.35; 92.25; 90.01; 90.26
19.07.2018; 90.74; 91.00; 89.11; 89.78
20.07.2018; 92.79; 93.38; 90.48; 90.67
23.07.2018; 90.85; 92.49; 90.40; 92.31
24.07.2018; 92.50; 93.18; 91.72; 92.11
25.07.2018; 92.33; 94.70; 91.90; 94.47
26.07.2018; 93.97; 95.03; 93.70; 94.16
27.07.2018; 94.59; 95.30; 91.01; 92.37
30.07.2018; 92.25; 92.42; 89.40; 90.03
31.07.2018; 90.60; 91.50; 90.06; 90.72
01.08.2018; 91.20; 91.40; 90.25; 91.06
02.08.2018; 91.30; 93.12; 90.25; 92.81
03.08.2018; 93.00; 93.60; 92.42; 93.31
06.08.2018; 93.60; 94.10; 93.10; 93.60
07.08.2018; 93.77; 94.19; 93.35; 93.87
08.08.2018; 93.89; 94.47; 93.65; 94.28
09.08.2018; 94.29; 95.32; 94.29; 95.19
10.08.2018; 95.40; 96.05; 94.81; 95.60
13.08.2018; 95.90; 95.99; 94.84; 94.91
14.08.2018; 95.50; 96.79; 94.99; 96.61
15.08.2018; 96.64; 96.85; 94.19; 94.81
16.08.2018; 95.01; 95.80; 94.49; 94.64
17.08.2018; 94.80; 94.84; 93.45; 93.98
20.08.2018; 94.30; 94.85; 93.05; 93.10
21.08.2018; 92.80; 93.20; 91.60; 91.63
22.08.2018; 91.10; 92.59; 90.75; 92.29
23.08.2018; 92.90; 93.69; 92.25; 93.24
24.08.2018; 92.99; 93.40; 92.66; 93.25
27.08.2018; 93.80; 94.09; 93.18; 93.80
28.08.2018; 94.00; 94.39; 93.66; 94.32
29.08.2018; 94.53; 95.68; 94.46; 95.72
30.08.2018; 95.70; 96.67; 95.55; 95.88
31.08.2018; 95.95; 97.04; 95.58; 96.75
03.09.2018; 97.80; 97.80; 96.61; 97.30
04.09.2018; 97.48; 97.75; 95.43; 96.44
05.09.2018; 96.42; 96.63; 92.95; 93.30
06.09.2018; 93.50; 93.80; 92.33; 93.56
07.09.2018; 93.59; 94.01; 92.80; 93.68
10.09.2018; 94.00; 94.56; 93.38; 94.37
11.09.2018; 94.60; 96.20; 93.83; 96.02
12.09.2018; 96.20; 96.60; 95.19; 96.08
13.09.2018; 96.10; 97.16; 95.83; 96.57
14.09.2018; 96.81; 97.46; 96.58; 97.51
17.09.2018; 97.49; 97.49; 95.84; 96.00
18.09.2018; 95.60; 97.45; 95.50; 97.14
19.09.2018; 97.19; 97.19; 95.01; 95.69
20.09.2018; 95.69; 96.89; 95.19; 96.48
21.09.2018; 96.79; 97.57; 96.30; 97.04
24.09.2018; 97.30; 97.75; 95.07; 97.67
25.09.2018; 97.79; 97.94; 96.64; 97.28
26.09.2018; 97.65; 97.88; 96.91; 97.15
27.09.2018; 97.57; 98.63; 97.35; 98.20
28.09.2018; 98.54; 98.98; 98.11; 98.59
01.10.2018; 99.35; 99.98; 99.05; 99.84
02.10.2018; 99.99; 100.29; 99.23; 99.66
03.10.2018; 99.56; 100.72; 99.50; 100.28
04.10.2018; 100.30; 100.30; 97.02; 97.94
05.10.2018; 98.34; 98.75; 96.11; 97.28
08.10.2018; 97.75; 97.85; 95.25; 96.52
09.10.2018; 96.41; 98.46; 96.30; 97.68
10.10.2018; 97.96; 98.29; 92.02; 92.23
11.10.2018; 89.50; 94.10; 88.65; 91.35
12.10.2018; 92.50; 95.15; 92.40; 94.81
15.10.2018; 95.10; 95.10; 92.42; 93.04
16.10.2018; 93.69; 96.27; 93.29; 95.80
17.10.2018; 96.40; 97.18; 94.95; 96.22
18.10.2018; 96.13; 96.40; 93.95; 94.67
19.10.2018; 95.67; 96.47; 94.32; 94.33
22.10.2018; 94.45; 96.25; 94.23; 95.66
23.10.2018; 94.26; 94.95; 91.81; 94.31
24.10.2018; 94.77; 95.76; 89.32; 89.46
25.10.2018; 91.31; 95.99; 91.30; 95.42
26.10.2018; 94.89; 95.34; 91.70; 93.35
29.10.2018; 93.61; 95.56; 89.35; 90.79
30.10.2018; 91.81; 92.70; 88.20; 91.62
31.10.2018; 92.00; 95.60; 91.71; 94.27
01.11.2018; 94.36; 94.90; 92.14; 92.48
02.11.2018; 93.13; 94.20; 92.17; 93.23
05.11.2018; 93.39; 94.39; 92.97; 94.26
06.11.2018; 94.50; 95.23; 93.26; 94.34
07.11.2018; 94.58; 98.01; 94.26; 97.82
08.11.2018; 98.19; 98.32; 96.90; 98.37
09.11.2018; 98.52; 98.52; 96.01; 96.61
12.11.2018; 97.09; 97.70; 94.34; 95.14
13.11.2018; 94.61; 96.31; 94.61; 94.80
14.11.2018; 94.80; 95.46; 92.41; 92.75
15.11.2018; 92.88; 94.99; 91.87; 94.61
16.11.2018; 94.30; 95.26; 93.21; 94.93
19.11.2018; 94.81; 95.50; 90.41; 91.38
20.11.2018; 91.08; 91.09; 87.53; 89.38
21.11.2018; 89.30; 91.62; 88.80; 90.69
22.11.2018; 90.41; 90.60; 88.70; 89.25
23.11.2018; 89.22; 91.43; 88.91; 90.75
26.11.2018; 90.82; 94.06; 90.82; 93.98
27.11.2018; 93.70; 95.04; 93.10; 94.89
28.11.2018; 95.49; 97.94; 95.06; 97.74
29.11.2018; 97.30; 97.99; 95.76; 96.81
30.11.2018; 96.85; 97.90; 96.20; 97.95
03.12.2018; 100.79; 101.50; 97.73; 98.80
04.12.2018; 98.40; 99.00; 95.35; 95.70
05.12.2018; 96.00; 96.25; 95.69; 96.05
06.12.2018; 94.50; 95.90; 92.23; 95.91
07.12.2018; 95.99; 96.07; 91.43; 92.07
10.12.2018; 91.48; 95.08; 91.10; 94.72
11.12.2018; 94.67; 97.73; 94.05; 95.98
12.12.2018; 97.04; 97.99; 96.00; 96.08
13.12.2018; 96.79; 97.54; 95.56; 96.22
14.12.2018; 95.63; 96.66; 93.36; 93.82
17.12.2018; 94.29; 94.40; 89.70; 90.67
18.12.2018; 91.01; 91.92; 90.26; 91.49
19.12.2018; 91.03; 93.26; 89.10; 91.40
20.12.2018; 90.51; 91.00; 86.51; 88.48
21.12.2018; 88.90; 90.17; 85.73; 86.35
27.12.2018; 87.56; 88.50; 84.21; 87.90
28.12.2018; 88.37; 89.49; 88.00; 88.82
02.01.2019; 88.90; 89.87; 86.51; 89.09
03.01.2019; 87.60; 88.20; 85.40; 85.48
04.01.2019; 86.35; 89.87; 86.20; 89.35
07.01.2019; 90.40; 90.50; 88.10; 88.97
08.01.2019; 89.64; 90.83; 88.90; 89.91
09.01.2019; 90.19; 90.87; 89.67; 90.25
10.01.2019; 90.00; 90.18; 89.01; 90.12
11.01.2019; 90.00; 90.14; 88.59; 89.65
14.01.2019; 90.00; 90.00; 88.39; 89.10
15.01.2019; 89.74; 92.25; 89.31; 91.97
16.01.2019; 92.34; 93.20; 91.68; 92.56
17.01.2019; 92.25; 93.54; 91.75; 93.17
18.01.2019; 93.49; 94.99; 93.17; 94.75
21.01.2019; 95.00; 95.00; 94.30; 94.33
22.01.2019; 94.25; 94.31; 92.30; 93.17
23.01.2019; 93.10; 94.13; 92.65; 93.78
24.01.2019; 93.80; 94.62; 92.87; 93.90
25.01.2019; 93.43; 94.78; 93.41; 93.70
28.01.2019; 94.00; 94.49; 91.60; 91.97
29.01.2019; 91.89; 92.14; 89.45; 90.03
30.01.2019; 90.94; 92.85; 90.49; 92.57
31.01.2019; 90.20; 91.84; 89.61; 91.18
01.02.2019; 91.58; 91.63; 89.35; 89.70
04.02.2019; 90.20; 92.45; 89.67; 92.43
05.02.2019; 92.40; 93.92; 92.40; 93.86
06.02.2019; 94.06; 94.22; 92.76; 93.22
07.02.2019; 93.09; 93.23; 91.95; 92.84
08.02.2019; 92.50; 93.10; 92.00; 93.34
11.02.2019; 93.28; 94.32; 93.10; 93.35
12.02.2019; 93.99; 94.71; 93.50; 94.34
13.02.2019; 94.71; 95.43; 94.65; 94.77
14.02.2019; 94.74; 95.26; 93.73; 94.65
15.02.2019; 94.21; 96.10; 94.03; 95.70
18.02.2019; 96.00; 96.34; 95.10; 95.68
19.02.2019; 95.99; 96.01; 95.29; 95.37
20.02.2019; 95.30; 95.30; 93.62; 94.43
21.02.2019; 94.70; 96.56; 94.21; 96.53
22.02.2019; 96.55; 98.06; 96.24; 97.92
25.02.2019; 98.20; 98.81; 98.00; 98.21
26.02.2019; 98.15; 99.56; 97.60; 98.66
27.02.2019; 98.80; 98.81; 97.46; 98.65
28.02.2019; 98.67; 99.02; 97.90; 98.53
01.03.2019; 98.88; 99.56; 98.17; 99.01
04.03.2019; 99.54; 99.94; 97.80; 98.88
05.03.2019; 98.85; 99.31; 98.27; 98.97
06.03.2019; 98.63; 99.50; 98.44; 98.83
07.03.2019; 98.57; 99.43; 97.74; 98.67
08.03.2019; 98.17; 98.41; 96.92; 98.47
11.03.2019; 98.40; 100.53; 98.25; 100.51
12.03.2019; 100.77; 101.04; 99.94; 100.73
13.03.2019; 100.98; 101.68; 100.25; 101.27
14.03.2019; 101.16; 101.96; 101.15; 101.39
15.03.2019; 101.51; 103.54; 101.31; 102.44
18.03.2019; 103.00; 103.86; 102.21; 103.67
19.03.2019; 103.98; 104.30; 102.92; 103.19
20.03.2019; 103.50; 103.96; 102.66; 102.88
21.03.2019; 103.11; 105.95; 102.53; 105.52
22.03.2019; 105.80; 106.39; 103.52; 103.61
25.03.2019; 102.40; 104.26; 101.81; 104.10
26.03.2019; 104.50; 105.06; 103.65; 104.57
27.03.2019; 105.00; 105.24; 102.75; 103.80
28.03.2019; 103.50; 104.60; 103.50; 104.29
29.03.2019; 104.65; 105.37; 104.15; 105.20
01.04.2019; 105.80; 106.39; 105.24; 106.11
02.04.2019; 106.28; 106.69; 105.83; 106.52
03.04.2019; 106.60; 107.19; 106.06; 106.70
04.04.2019; 106.81; 107.35; 105.53; 106.33
05.04.2019; 106.24; 107.05; 106.16; 106.87
08.04.2019; 107.10; 107.14; 105.29; 106.39
09.04.2019; 106.50; 106.88; 105.48; 105.98
10.04.2019; 105.98; 106.88; 105.72; 106.68
11.04.2019; 106.88; 107.28; 106.44; 106.84
12.04.2019; 106.86; 107.28; 106.36; 106.98
15.04.2019; 107.26; 107.54; 106.64; 107.08
16.04.2019; 107.30; 107.82; 106.40; 107.06
17.04.2019; 106.82; 107.76; 106.74; 107.74
18.04.2019; 107.50; 109.96; 107.18; 109.88
23.04.2019; 110.50; 111.84; 109.96; 111.72
24.04.2019; 112.00; 112.56; 111.30; 112.16
25.04.2019; 116.02; 118.56; 115.54; 116.06
26.04.2019; 115.54; 116.86; 115.30; 116.50
29.04.2019; 117.00; 117.68; 115.94; 116.04
30.04.2019; 116.02; 116.46; 115.40; 116.40
02.05.2019; 114.60; 114.64; 112.20; 112.92
03.05.2019; 113.30; 115.60; 113.08; 115.04
06.05.2019; 113.90; 114.74; 112.30; 114.32
07.05.2019; 113.42; 114.60; 111.08; 112.08
08.05.2019; 112.42; 113.14; 111.36; 112.32
09.05.2019; 111.52; 111.96; 109.84; 111.88
10.05.2019; 111.90; 113.74; 110.16; 113.24
13.05.2019; 112.54; 112.54; 109.54; 109.92
14.05.2019; 109.62; 112.22; 109.62; 111.46
15.05.2019; 111.78; 113.08; 110.58; 112.54
16.05.2019; 112.40; 115.76; 112.22; 115.34
17.05.2019; 115.44; 116.92; 114.36; 114.76
20.05.2019; 115.50; 115.78; 112.80; 113.14
21.05.2019; 113.32; 114.74; 113.20; 113.70
22.05.2019; 114.18; 114.90; 112.90; 114.48
23.05.2019; 114.00; 114.08; 111.52; 112.90
24.05.2019; 113.00; 113.98; 112.64; 112.48
27.05.2019; 112.52; 113.40; 112.52; 113.26
28.05.2019; 113.64; 114.40; 112.62; 113.14
29.05.2019; 113.02; 113.18; 111.46; 112.26
30.05.2019; 112.36; 113.04; 112.14; 112.38
31.05.2019; 111.74; 111.74; 110.44; 110.64
03.06.2019; 110.02; 110.90; 105.78; 106.72
04.06.2019; 106.98; 109.28; 106.12; 109.40
05.06.2019; 110.20; 112.12; 109.86; 112.08
06.06.2019; 111.38; 113.44; 111.24; 113.44
07.06.2019; 113.54; 116.50; 112.86; 115.90
10.06.2019; 116.98; 118.46; 116.70; 117.96
11.06.2019; 117.74; 118.50; 115.94; 116.58
12.06.2019; 116.50; 116.52; 115.48; 116.50
13.06.2019; 116.26; 117.56; 115.70; 117.36
14.06.2019; 117.68; 118.82; 116.74; 118.20
17.06.2019; 118.34; 118.98; 118.00; 118.30
18.06.2019; 118.90; 120.84; 118.14; 120.74
19.06.2019; 121.16; 121.56; 119.36; 120.78
20.06.2019; 121.70; 122.10; 120.26; 121.22
21.06.2019; 121.16; 121.66; 119.84; 120.42
24.06.2019; 120.98; 122.00; 120.46; 120.90
25.06.2019; 121.02; 121.32; 116.72; 117.54
26.06.2019; 117.64; 119.42; 117.50; 117.86
27.06.2019; 118.16; 119.60; 117.66; 118.02
28.06.2019; 118.12; 118.62; 117.14; 117.66
01.07.2019; 120.90; 121.40; 119.06; 120.06
02.07.2019; 120.36; 121.00; 119.68; 121.06
03.07.2019; 121.24; 122.10; 120.76; 121.78
04.07.2019; 122.12; 122.40; 121.80; 122.14
05.07.2019; 122.18; 122.48; 120.98; 122.16
08.07.2019; 121.98; 122.24; 120.74; 122.22
09.07.2019; 121.74; 122.22; 121.02; 121.80
10.07.2019; 122.16; 123.24; 121.02; 122.48
11.07.2019; 122.70; 123.66; 122.46; 122.92
12.07.2019; 124.00; 124.00; 122.00; 124.00
15.07.2019; 124.00; 124.00; 123.00; 124.00
16.07.2019; 124.00; 125.00; 121.00; 123.00
17.07.2019; 123.00; 123.00; 121.00; 122.00
18.07.2019; 121.00; 122.00; 120.00; 121.00
19.07.2019; 124.00; 126.00; 121.00; 122.00
22.07.2019; 122.78; 123.98; 122.00; 123.54
23.07.2019; 123.96; 124.94; 123.74; 124.88
24.07.2019; 124.98; 126.26; 124.54; 126.30
25.07.2019; 126.56; 127.00; 124.76; 125.84
26.07.2019; 126.18; 127.34; 125.92; 127.20
29.07.2019; 127.36; 127.56; 125.26; 126.54
30.07.2019; 126.80; 126.94; 125.24; 125.66
31.07.2019; 126.54; 126.76; 122.16; 123.26
01.08.2019; 123.38; 127.32; 123.38; 124.56
02.08.2019; 124.02; 124.54; 121.74; 123.14
05.08.2019; 122.78; 122.88; 116.74; 118.20
06.08.2019; 116.56; 121.36; 116.50; 120.22
07.08.2019; 120.18; 121.98; 117.42; 120.70
08.08.2019; 121.68; 124.12; 120.78; 124.24
09.08.2019; 123.88; 124.36; 121.80; 122.92
12.08.2019; 123.50; 124.30; 120.62; 121.10
13.08.2019; 121.38; 124.12; 120.02; 123.94
14.08.2019; 124.30; 124.50; 119.94; 120.38
15.08.2019; 120.06; 121.32; 118.40; 120.32
16.08.2019; 121.20; 122.80; 121.20; 122.78
19.08.2019; 123.86; 125.06; 123.42; 125.00
20.08.2019; 124.86; 125.48; 123.74; 123.82
21.08.2019; 124.10; 125.52; 123.90; 125.16
22.08.2019; 125.10; 125.56; 122.94; 124.32
23.08.2019; 124.88; 125.56; 119.20; 119.74
26.08.2019; 119.20; 122.98; 119.02; 122.14
27.08.2019; 122.14; 123.16; 121.50; 122.24
28.08.2019; 123.00; 123.00; 120.60; 122.36
29.08.2019; 122.12; 125.24; 121.80; 124.90
30.08.2019; 125.20; 126.18; 123.94; 125.32
02.09.2019; 125.48; 126.00; 124.02; 124.66
03.09.2019; 125.22; 125.76; 123.74; 124.14
04.09.2019; 124.88; 125.78; 124.00; 124.76
05.09.2019; 125.86; 126.96; 125.36; 126.88
06.09.2019; 126.34; 127.48; 125.22; 126.26
09.09.2019; 127.50; 127.98; 123.42; 124.52
10.09.2019; 124.44; 124.74; 121.80; 123.20
11.09.2019; 123.50; 124.20; 122.84; 123.50
12.09.2019; 124.80; 125.48; 123.42; 124.28
13.09.2019; 124.88; 124.88; 123.26; 123.88
16.09.2019; 123.02; 124.24; 123.02; 123.82
17.09.2019; 123.88; 124.68; 123.44; 124.16
18.09.2019; 124.08; 125.56; 123.62; 125.58
19.09.2019; 126.92; 128.64; 126.42; 127.68
20.09.2019; 127.98; 128.62; 125.60; 126.42
23.09.2019; 127.00; 127.48; 125.96; 126.52
24.09.2019; 127.28; 127.90; 124.22; 124.92
25.09.2019; 125.26; 127.80; 123.88; 127.40
26.09.2019; 127.14; 128.30; 126.68; 127.88
27.09.2019; 127.80; 128.26; 124.94; 125.94
30.09.2019; 127.00; 127.66; 126.50; 127.64
01.10.2019; 128.04; 128.78; 125.34; 125.32
02.10.2019; 125.78; 125.78; 122.00; 122.86
03.10.2019; 123.08; 124.50; 121.12; 124.32
04.10.2019; 124.34; 125.78; 123.52; 125.72
07.10.2019; 125.90; 126.18; 124.76; 124.90
08.10.2019; 126.48; 126.48; 123.86; 123.88
09.10.2019; 124.00; 126.32; 123.68; 125.92
10.10.2019; 124.38; 126.88; 124.38; 126.48
11.10.2019; 126.98; 127.96; 126.50; 126.48
14.10.2019; 127.12; 127.48; 126.02; 126.68
15.10.2019; 126.90; 128.56; 126.76; 128.24
16.10.2019; 128.24; 128.26; 126.14; 126.84
17.10.2019; 126.76; 127.18; 124.92; 125.60
18.10.2019; 126.00; 126.18; 122.46; 123.06
21.10.2019; 124.00; 124.52; 122.78; 124.20
22.10.2019; 124.48; 125.52; 122.44; 122.54
23.10.2019; 122.40; 123.42; 121.98; 123.30
24.10.2019; 124.28; 126.42; 124.00; 126.08
25.10.2019; 126.02; 127.32; 125.52; 127.06
28.10.2019; 130.30; 131.92; 129.34; 130.08
29.10.2019; 130.28; 130.44; 128.38; 128.60
30.10.2019; 128.54; 129.98; 128.32; 129.62
31.10.2019; 129.84; 130.14; 128.40; 128.66
01.11.2019; 128.86; 129.78; 128.08; 128.72
04.11.2019; 129.48; 130.06; 129.10; 129.88
05.11.2019; 130.28; 130.88; 129.98; 130.52
06.11.2019; 130.50; 130.56; 129.28; 130.16
07.11.2019; 130.50; 131.40; 130.04; 130.64
08.11.2019; 130.76; 132.32; 130.36; 132.36
11.11.2019; 132.40; 132.68; 131.30; 132.44
12.11.2019; 132.92; 133.98; 132.58; 133.58
13.11.2019; 133.30; 133.98; 132.86; 133.80
14.11.2019; 133.74; 134.70; 133.50; 134.40
15.11.2019; 134.92; 135.62; 134.26; 135.54
18.11.2019; 136.18; 136.52; 134.58; 135.72
19.11.2019; 135.70; 136.64; 135.62; 135.82
20.11.2019; 135.40; 136.10; 134.18; 135.04
21.11.2019; 134.80; 135.46; 134.20; 135.26
22.11.2019; 135.78; 136.10; 134.92; 135.72
25.11.2019; 136.50; 137.42; 136.18; 137.26
26.11.2019; 137.76; 138.28; 137.22; 138.04
27.11.2019; 138.46; 139.08; 137.82; 138.44
28.11.2019; 138.22; 138.88; 137.86; 138.70
29.11.2019; 138.38; 138.62; 137.26; 138.60
02.12.2019; 137.90; 138.64; 133.94; 135.08
03.12.2019; 135.20; 135.60; 132.36; 134.70
04.12.2019; 135.16; 136.04; 134.40; 135.22
05.12.2019; 135.40; 136.10; 134.80; 135.10
06.12.2019; 135.50; 137.30; 135.16; 137.20
09.12.2019; 137.68; 137.68; 136.06; 136.74
10.12.2019; 136.90; 137.10; 135.72; 136.20
11.12.2019; 136.58; 136.90; 135.64; 136.14
12.12.2019; 136.42; 137.80; 135.54; 137.44
13.12.2019; 137.96; 139.32; 136.62; 139.02
16.12.2019; 139.40; 139.88; 138.96; 139.56
17.12.2019; 139.96; 140.10; 138.58; 138.68
18.12.2019; 138.92; 139.82; 138.68; 138.96
19.12.2019; 139.00; 139.98; 138.68; 140.00
20.12.2019; 140.38; 142.20; 139.74; 142.06
23.12.2019; 141.90; 142.92; 141.78; 141.88
27.12.2019; 142.98; 143.30; 141.72; 142.22
30.12.2019; 142.48; 142.64; 141.62; 141.92
02.01.2020; 141.40; 143.76; 141.38; 143.72
03.01.2020; 143.00; 143.44; 141.66; 142.16
06.01.2020; 141.56; 142.14; 139.74; 142.10
07.01.2020; 142.24; 143.26; 141.16; 141.46
08.01.2020; 140.38; 144.70; 140.12; 144.12
09.01.2020; 144.80; 146.08; 144.72; 145.90
10.01.2020; 146.84; 147.30; 145.00; 144.96
13.01.2020; 146.30; 146.58; 144.92; 146.58
14.01.2020; 146.90; 147.14; 145.36; 145.74
15.01.2020; 145.78; 147.02; 145.36; 146.34
16.01.2020; 146.90; 149.20; 146.72; 149.22
17.01.2020; 149.42; 151.00; 149.14; 150.60
20.01.2020; 151.50; 151.88; 150.52; 151.28
21.01.2020; 150.20; 151.62; 149.88; 150.20
22.01.2020; 151.18; 151.58; 149.40; 149.36
23.01.2020; 149.56; 150.84; 149.30; 150.76
24.01.2020; 151.42; 152.32; 149.12; 149.64
27.01.2020; 148.80; 148.80; 145.50; 147.18
28.01.2020; 148.22; 150.42; 147.62; 150.12
29.01.2020; 151.38; 153.28; 150.66; 152.66
30.01.2020; 158.22; 158.86; 154.82; 156.58
31.01.2020; 157.40; 157.40; 153.02; 153.52
03.02.2020; 153.70; 157.80; 153.52; 157.70
04.02.2020; 159.00; 163.70; 159.00; 163.10
05.02.2020; 163.60; 167.36; 162.12; 163.60
06.02.2020; 165.66; 167.40; 163.84; 167.26
07.02.2020; 167.50; 169.52; 166.44; 168.04
10.02.2020; 168.80; 173.06; 167.54; 173.00
11.02.2020; 174.36; 175.48; 168.06; 168.88
12.02.2020; 169.90; 171.12; 166.82; 169.82
13.02.2020; 169.22; 171.62; 167.10; 169.56
14.02.2020; 169.90; 171.10; 168.18; 170.98
17.02.2020; 172.58; 172.90; 171.52; 172.80
18.02.2020; 170.80; 173.88; 169.62; 173.44
19.02.2020; 173.70; 174.52; 172.88; 173.28
20.02.2020; 173.88; 174.24; 167.90; 170.86
21.02.2020; 169.98; 170.52; 163.26; 164.44
24.02.2020; 159.50; 160.84; 152.02; 157.56
25.02.2020; 159.04; 161.12; 154.18; 154.60
26.02.2020; 150.20; 159.40; 149.00; 156.36
27.02.2020; 151.88; 153.96; 143.86; 143.76
28.02.2020; 134.50; 148.86; 133.50; 146.80
02.03.2020; 147.50; 155.08; 143.74; 155.14
03.03.2020; 154.90; 157.12; 145.00; 146.98
04.03.2020; 149.02; 153.32; 148.86; 153.10
05.03.2020; 152.18; 152.74; 147.60; 148.14
06.03.2020; 146.00; 146.80; 137.86; 142.88
09.03.2020; 133.70; 138.08; 128.52; 131.40
10.03.2020; 138.50; 142.88; 134.22; 142.42
11.03.2020; 138.70; 140.08; 134.04; 136.42
12.03.2020; 130.00; 137.58; 122.00; 122.50
13.03.2020; 123.50; 142.52; 123.50; 138.60
16.03.2020; 132.00; 134.14; 120.78; 122.64
17.03.2020; 127.30; 134.30; 121.76; 131.62
18.03.2020; 127.88; 133.54; 124.16; 130.04
19.03.2020; 128.60; 140.70; 127.70; 133.62
20.03.2020; 138.50; 143.02; 127.48; 128.36
23.03.2020; 126.80; 132.98; 123.28; 126.16
24.03.2020; 131.60; 138.68; 129.14; 137.42
25.03.2020; 139.00; 142.98; 133.72; 135.52
26.03.2020; 135.20; 141.78; 131.52; 140.66
27.03.2020; 140.30; 140.40; 133.96; 134.14
30.03.2020; 136.06; 145.54; 134.52; 144.78
31.03.2020; 147.20; 150.38; 142.10; 142.84
01.04.2020; 140.50; 144.32; 137.74; 138.98
02.04.2020; 140.80; 143.12; 138.62; 143.08
03.04.2020; 142.00; 145.76; 140.88; 142.32
06.04.2020; 148.86; 154.00; 146.36; 153.44
07.04.2020; 153.80; 156.80; 149.90; 149.92
08.04.2020; 152.38; 153.00; 150.02; 152.18
09.04.2020; 151.10; 154.00; 149.60; 151.08
14.04.2020; 155.00; 158.24; 153.38; 157.82
15.04.2020; 158.50; 159.38; 155.76; 157.50
16.04.2020; 158.32; 163.38; 158.32; 162.92
17.04.2020; 167.98; 168.08; 161.76; 164.42
20.04.2020; 164.90; 166.40; 161.40; 161.38
21.04.2020; 161.10; 161.38; 153.02; 154.66
22.04.2020; 156.98; 160.84; 156.36; 160.36
23.04.2020; 159.76; 162.00; 158.04; 158.90
24.04.2020; 157.98; 161.26; 157.20; 161.18
27.04.2020; 163.36; 163.48; 160.12; 160.72
28.04.2020; 161.00; 162.70; 156.36; 156.76
29.04.2020; 160.50; 163.26; 158.38; 162.98
30.04.2020; 166.76; 167.58; 161.82; 163.48
04.05.2020; 160.00; 164.24; 158.02; 164.24
05.05.2020; 164.98; 169.26; 164.80; 166.58
06.05.2020; 168.68; 170.38; 167.54; 169.26
07.05.2020; 170.00; 172.24; 168.76; 169.58
08.05.2020; 171.90; 171.90; 169.10; 170.16
11.05.2020; 171.30; 173.44; 168.80; 172.62
12.05.2020; 172.40; 172.98; 168.06; 168.48
13.05.2020; 168.20; 169.78; 163.02; 166.32
14.05.2020; 166.52; 167.68; 162.56; 167.20
15.05.2020; 167.68; 169.94; 163.68; 169.42
18.05.2020; 169.50; 172.22; 169.12; 169.22
19.05.2020; 170.38; 170.98; 168.14; 168.18
20.05.2020; 168.70; 169.86; 167.52; 169.06
21.05.2020; 169.20; 169.84; 167.80; 168.14
22.05.2020; 166.50; 169.10; 165.82; 168.26
25.05.2020; 170.00; 171.12; 169.22; 170.90
26.05.2020; 171.70; 172.28; 164.92; 165.28
27.05.2020; 167.46; 168.08; 160.68; 165.30
28.05.2020; 165.40; 166.18; 162.22; 163.76
29.05.2020; 163.32; 166.06; 162.24; 165.64
01.06.2020; 165.18; 165.78; 163.24; 163.94
02.06.2020; 164.00; 165.98; 162.16; 165.52
03.06.2020; 165.68; 165.70; 163.34; 164.72
04.06.2020; 164.80; 165.34; 160.84; 161.48
05.06.2020; 161.80; 166.18; 160.56; 166.04
08.06.2020; 166.56; 166.78; 163.22; 166.58
09.06.2020; 166.66; 168.00; 165.10; 167.46
10.06.2020; 167.88; 173.98; 166.90; 172.70
11.06.2020; 170.80; 171.84; 164.96; 164.86
12.06.2020; 166.12; 169.34; 165.10; 166.72
15.06.2020; 162.50; 168.40; 161.00; 166.70
16.06.2020; 169.40; 173.70; 168.02; 171.62
17.06.2020; 172.50; 174.68; 172.02; 172.74
18.06.2020; 172.00; 175.18; 171.70; 175.20
19.06.2020; 175.50; 177.98; 173.80; 174.70
22.06.2020; 174.38; 178.26; 173.24; 178.08
23.06.2020; 178.98; 180.20; 177.90; 178.78
24.06.2020; 178.70; 180.28; 174.60; 175.84
25.06.2020; 175.54; 178.64; 174.36; 178.44
26.06.2020; 178.72; 179.22; 174.02; 175.42
29.06.2020; 174.88; 176.52; 171.90; 176.34
30.06.2020; 177.00; 181.82; 176.32; 181.16
01.07.2020; 180.22; 183.34; 179.80; 181.86
02.07.2020; 182.00; 185.22; 181.66; 183.54
03.07.2020; 184.16; 184.80; 182.92; 184.50
06.07.2020; 185.30; 186.78; 183.42; 186.06
07.07.2020; 187.00; 190.34; 184.82; 184.88
08.07.2020; 185.00; 188.10; 184.34; 187.74
09.07.2020; 188.68; 190.86; 187.36; 189.64
10.07.2020; 189.38; 189.84; 186.74; 189.02
13.07.2020; 190.44; 190.88; 182.02; 182.60
14.07.2020; 183.60; 185.18; 177.52; 182.96
15.07.2020; 184.50; 185.00; 179.82; 182.26
16.07.2020; 181.78; 181.78; 177.08; 179.16
17.07.2020; 179.18; 179.68; 176.12; 177.34
20.07.2020; 176.90; 185.38; 176.02; 185.12
21.07.2020; 187.50; 188.78; 180.50; 181.16
22.07.2020; 182.68; 183.34; 180.00; 182.84
23.07.2020; 180.00; 182.18; 174.40; 175.10
24.07.2020; 174.00; 174.36; 170.10; 172.98
27.07.2020; 172.98; 173.90; 170.90; 173.44
28.07.2020; 174.20; 174.98; 172.40; 172.72
29.07.2020; 172.78; 173.92; 171.96; 173.28
30.07.2020; 173.78; 173.78; 169.32; 172.14
31.07.2020; 172.20; 173.86; 168.02; 173.82
03.08.2020; 174.98; 185.00; 174.60; 184.32
04.08.2020; 184.38; 184.80; 178.90; 180.54
05.08.2020; 181.00; 182.20; 178.28; 179.56
06.08.2020; 179.50; 182.20; 178.46; 182.20
07.08.2020; 182.38; 183.16; 179.12; 180.08
10.08.2020; 181.98; 181.98; 175.40; 177.20
11.08.2020; 178.78; 178.96; 173.22; 173.36
12.08.2020; 174.54; 178.22; 173.42; 177.40
13.08.2020; 177.18; 178.76; 176.14; 176.78
14.08.2020; 177.24; 178.06; 175.58; 176.42
17.08.2020; 177.24; 178.00; 176.00; 177.12
18.08.2020; 177.02; 177.68; 175.20; 177.30
19.08.2020; 177.00; 178.62; 175.48; 177.22
20.08.2020; 176.88; 181.26; 176.20; 180.82
21.08.2020; 181.20; 183.56; 180.14; 180.68
24.08.2020; 183.78; 183.78; 180.08; 181.10
25.08.2020; 182.28; 183.06; 179.70; 182.90
26.08.2020; 183.50; 187.98; 182.84; 187.00
27.08.2020; 187.00; 196.04; 185.46; 191.82
28.08.2020; 192.10; 193.98; 190.02; 192.48
31.08.2020; 194.14; 194.14; 186.80; 189.56
01.09.2020; 189.20; 190.84; 187.40; 190.80
02.09.2020; 191.50; 196.78; 191.50; 195.66
03.09.2020; 196.80; 196.98; 181.34; 183.36
04.09.2020; 180.10; 185.30; 174.76; 181.24
07.09.2020; 180.40; 181.48; 178.02; 180.36
08.09.2020; 182.00; 182.00; 171.88; 172.18
09.09.2020; 173.12; 181.90; 172.62; 178.92
10.09.2020; 179.92; 180.38; 172.82; 173.84
11.09.2020; 175.52; 177.04; 170.12; 172.30
14.09.2020; 172.40; 176.00; 170.40; 173.06
15.09.2020; 173.56; 176.76; 173.02; 176.28
16.09.2020; 176.90; 178.22; 173.60; 173.74
17.09.2020; 173.54; 173.54; 169.02; 171.26
18.09.2020; 172.28; 172.92; 165.52; 169.10
21.09.2020; 168.70; 172.30; 165.52; 172.30
22.09.2020; 172.48; 177.74; 172.00; 177.14
23.09.2020; 177.80; 178.86; 171.56; 172.16
24.09.2020; 171.32; 176.10; 170.12; 174.10
25.09.2020; 175.48; 179.64; 173.52; 178.74
28.09.2020; 179.96; 181.98; 178.70; 179.64
29.09.2020; 181.38; 181.38; 176.22; 176.48
30.09.2020; 175.50; 180.82; 174.24; 179.34
01.10.2020; 180.86; 182.14; 180.04; 180.82
02.10.2020; 178.38; 180.00; 175.70; 176.12
05.10.2020; 176.54; 178.50; 175.76; 178.36
06.10.2020; 178.80; 179.00; 174.50; 175.26
07.10.2020; 175.62; 178.46; 175.52; 178.32
08.10.2020; 178.14; 179.68; 177.50; 179.12
09.10.2020; 179.06; 182.50; 178.14; 182.50
12.10.2020; 183.20; 189.58; 183.02; 187.46
13.10.2020; 187.32; 191.54; 185.02; 189.68
14.10.2020; 190.36; 191.78; 186.46; 187.98
15.10.2020; 186.08; 188.24; 183.00; 187.72
16.10.2020; 187.12; 189.50; 186.72; 187.48
19.10.2020; 189.00; 189.48; 181.66; 181.96
20.10.2020; 183.00; 184.24; 180.16; 181.48
21.10.2020; 183.02; 183.02; 179.22; 181.14
22.10.2020; 181.00; 182.48; 179.20; 181.76
23.10.2020; 182.08; 182.44; 180.06; 182.22
26.10.2020; 181.10; 183.00; 176.16; 178.34
27.10.2020; 178.12; 182.90; 178.00; 180.46
28.10.2020; 179.68; 179.88; 172.04; 172.90
29.10.2020; 173.70; 177.66; 173.12; 174.16
30.10.2020; 172.50; 174.78; 171.02; 174.18
02.11.2020; 174.30; 176.40; 172.12; 173.84
03.11.2020; 174.58; 177.78; 172.88; 176.20
04.11.2020; 179.82; 186.20; 177.20; 184.52
05.11.2020; 186.62; 189.98; 186.62; 189.06
06.11.2020; 187.94; 188.60; 183.92; 188.06
09.11.2020; 191.02; 192.50; 183.34; 185.32
10.11.2020; 184.78; 185.50; 177.54; 178.74
11.11.2020; 179.48; 185.18; 178.50; 183.74
12.11.2020; 184.18; 185.60; 181.78; 182.40
13.11.2020; 183.46; 183.98; 181.30; 183.00
16.11.2020; 184.70; 184.78; 180.52; 183.44
17.11.2020; 183.34; 184.08; 180.52; 180.78
18.11.2020; 179.88; 181.24; 178.02; 178.02
19.11.2020; 178.34; 179.64; 177.50; 178.76
20.11.2020; 179.26; 179.86; 177.46; 177.46
23.11.2020; 178.48; 178.70; 176.10; 177.22
24.11.2020; 178.22; 180.34; 176.32; 179.88
25.11.2020; 180.00; 181.08; 178.48; 179.38
26.11.2020; 179.46; 180.98; 179.42; 180.00
27.11.2020; 179.98; 181.02; 179.34; 180.56
30.11.2020; 180.04; 180.04; 176.14; 179.20
01.12.2020; 179.60; 180.36; 177.50; 179.16
02.12.2020; 179.96; 180.54; 176.20; 177.86
03.12.2020; 178.20; 178.30; 176.04; 176.30
04.12.2020; 177.00; 177.78; 175.62; 176.76
07.12.2020; 177.02; 178.84; 175.74; 176.96
08.12.2020; 176.40; 179.18; 175.68; 178.30
09.12.2020; 178.28; 178.70; 175.00; 175.14
10.12.2020; 175.04; 175.94; 173.38; 173.54
11.12.2020; 173.28; 176.10; 172.64; 176.10
14.12.2020; 176.40; 177.96; 174.78; 176.18
15.12.2020; 176.10; 177.90; 174.64; 176.02
16.12.2020; 176.18; 180.90; 175.50; 179.84
17.12.2020; 179.90; 180.48; 177.82; 178.90
18.12.2020; 178.80; 179.36; 176.66; 178.68
21.12.2020; 180.00; 182.92; 177.38; 181.80
22.12.2020; 181.10; 184.72; 181.04; 184.04
23.12.2020; 184.00; 184.78; 181.46; 181.46
28.12.2020; 184.56; 185.10; 182.38; 184.24
29.12.2020; 184.54; 185.20; 182.58; 182.84
30.12.2020; 183.50; 184.00; 182.80; 182.94
04.01.2021; 182.10; 182.86; 175.34; 177.84
05.01.2021; 178.18; 178.20; 175.66; 177.44
06.01.2021; 175.46; 176.24; 172.08; 172.14
07.01.2021; 173.04; 178.86; 173.00; 178.04
08.01.2021; 178.40; 180.00; 177.38; 179.90
11.01.2021; 179.48; 180.28; 178.42; 178.90
12.01.2021; 179.88; 179.88; 175.40; 176.16
13.01.2021; 176.14; 178.38; 175.66; 178.04
14.01.2021; 178.24; 179.30; 174.98; 175.42
15.01.2021; 175.78; 177.14; 175.22; 176.38
18.01.2021; 175.50; 176.88; 175.02; 175.66
19.01.2021; 177.00; 178.90; 175.40; 178.48
20.01.2021; 179.00; 186.54; 178.62; 185.54
21.01.2021; 185.32; 186.26; 183.10; 184.70
22.01.2021; 185.76; 188.92; 184.34; 185.84
25.01.2021; 188.00; 189.50; 185.22; 189.18
26.01.2021; 189.62; 192.44; 188.46; 191.00
27.01.2021; 197.50; 198.94; 190.12; 192.30
28.01.2021; 192.00; 200.05; 189.02; 197.14
29.01.2021; 195.48; 195.88; 190.82; 191.00
01.02.2021; 192.30; 200.95; 191.80; 199.16
02.02.2021; 199.50; 201.45; 198.42; 199.00
03.02.2021; 200.50; 203.75; 198.82; 201.85
04.02.2021; 202.50; 203.85; 200.75; 202.15
05.02.2021; 202.55; 203.40; 200.05; 201.00
08.02.2021; 202.95; 203.25; 199.86; 201.00
09.02.2021; 201.00; 202.25; 199.22; 200.90
10.02.2021; 201.45; 202.75; 198.58; 200.25
11.02.2021; 200.05; 201.90; 199.70; 201.50
12.02.2021; 201.00; 202.50; 200.65; 202.35
15.02.2021; 202.50; 203.10; 201.55; 202.80
16.02.2021; 202.55; 203.30; 200.75; 201.30
17.02.2021; 200.40; 202.80; 199.80; 202.75
18.02.2021; 202.35; 202.40; 199.48; 201.50
19.02.2021; 200.70; 201.75; 198.20; 198.78
22.02.2021; 198.38; 198.66; 191.12; 192.80
23.02.2021; 192.82; 194.52; 188.36; 192.00
24.02.2021; 189.50; 193.48; 188.92; 192.84
25.02.2021; 193.30; 193.58; 187.36; 188.44
26.02.2021; 187.00; 194.70; 185.82; 193.20
01.03.2021; 195.00; 196.98; 193.50; 196.90
02.03.2021; 197.28; 197.28; 193.20; 193.20
03.03.2021; 195.12; 195.98; 188.48; 188.78
04.03.2021; 187.94; 192.90; 187.36; 189.26
05.03.2021; 188.62; 195.82; 187.62; 194.40
08.03.2021; 193.50; 196.36; 189.12; 192.00
09.03.2021; 192.62; 197.74; 192.62; 196.66
10.03.2021; 196.80; 198.70; 194.76; 194.82
11.03.2021; 196.60; 199.60; 196.02; 197.76
12.03.2021; 198.28; 198.38; 195.34; 196.90
15.03.2021; 197.90; 198.58; 194.56; 196.98
16.03.2021; 197.26; 201.90; 196.78; 200.10
17.03.2021; 199.88; 200.25; 195.98; 197.80
18.03.2021; 198.04; 198.74; 193.36; 193.62
19.03.2021; 193.50; 195.76; 193.06; 194.30
22.03.2021; 195.46; 198.44; 194.20; 197.84
23.03.2021; 197.52; 203.15; 197.40; 201.05
24.03.2021; 200.90; 203.20; 198.66; 198.82
25.03.2021; 199.84; 200.55; 196.60; 197.84
26.03.2021; 199.10; 201.00; 195.70; 200.55
29.03.2021; 199.78; 201.05; 196.90; 199.92
30.03.2021; 200.45; 200.45; 197.20; 198.26
31.03.2021; 198.50; 203.90; 197.20; 201.45
01.04.2021; 202.70; 206.05; 202.50; 205.85
06.04.2021; 209.90; 211.25; 208.40; 208.60
07.04.2021; 209.15; 211.05; 207.95; 210.50
08.04.2021; 211.45; 213.50; 211.45; 212.40
09.04.2021; 213.15; 215.00; 212.10; 214.90
12.04.2021; 215.35; 216.35; 213.75; 214.85
13.04.2021; 215.30; 217.10; 215.00; 216.20
14.04.2021; 216.90; 217.50; 213.10; 213.55
15.04.2021; 213.70; 217.30; 213.65; 216.75
16.04.2021; 216.90; 217.80; 215.10; 217.55
19.04.2021; 218.40; 218.45; 214.25; 215.05
20.04.2021; 215.20; 216.00; 213.45; 214.60
21.04.2021; 214.00; 216.55; 213.50; 216.50
22.04.2021; 216.50; 217.75; 212.85; 214.10
23.04.2021; 214.55; 216.40; 213.30; 215.90
26.04.2021; 216.30; 217.20; 215.15; 216.40
27.04.2021; 217.45; 217.90; 215.30; 217.15
28.04.2021; 212.55; 212.85; 209.15; 209.80
29.04.2021; 211.10; 211.75; 205.55; 208.15
30.04.2021; 207.00; 210.15; 206.20; 209.70
03.05.2021; 210.00; 210.75; 208.30; 208.80
04.05.2021; 208.50; 209.45; 204.55; 206.15
05.05.2021; 205.50; 207.90; 204.95; 205.40
06.05.2021; 205.40; 207.00; 202.95; 206.95
07.05.2021; 207.80; 209.70; 206.00; 207.45
10.05.2021; 208.50; 208.50; 203.65; 203.65
11.05.2021; 202.30; 202.80; 199.20; 202.70
12.05.2021; 201.85; 203.05; 197.14; 198.00
13.05.2021; 198.02; 203.30; 196.66; 200.85
14.05.2021; 203.60; 205.20; 201.70; 204.30
17.05.2021; 205.40; 205.50; 200.35; 201.65
18.05.2021; 202.85; 203.25; 198.90; 198.90
19.05.2021; 197.80; 199.74; 195.40; 199.74
20.05.2021; 199.04; 202.85; 198.12; 201.40
21.05.2021; 201.95; 203.55; 200.90; 201.20
24.05.2021; 201.25; 205.55; 200.55; 205.15
25.05.2021; 205.55; 206.95; 204.75; 205.55
26.05.2021; 206.00; 206.80; 205.15; 206.30
27.05.2021; 205.85; 206.45; 204.15; 204.40
28.05.2021; 206.30; 207.20; 204.90; 204.95
31.05.2021; 205.40; 205.55; 204.00; 204.20
01.06.2021; 204.85; 205.80; 202.15; 202.45
02.06.2021; 203.00; 204.20; 201.35; 202.50
03.06.2021; 202.95; 203.45; 200.30; 202.55
04.06.2021; 203.00; 206.65; 202.00; 206.05
07.06.2021; 205.45; 208.35; 204.95; 208.20
08.06.2021; 208.80; 210.20; 207.40; 207.45
09.06.2021; 207.05; 209.65; 207.05; 208.30
10.06.2021; 208.20; 211.50; 207.00; 211.35
11.06.2021; 212.00; 213.40; 210.80; 212.90
14.06.2021; 213.05; 214.40; 211.90; 214.40
15.06.2021; 214.75; 214.95; 212.60; 213.30
16.06.2021; 213.35; 214.95; 211.35; 214.50
17.06.2021; 212.20; 219.85; 212.20; 219.25
18.06.2021; 219.35; 220.60; 217.75; 218.20
21.06.2021; 217.50; 220.85; 216.60; 220.35
22.06.2021; 220.75; 222.45; 219.55; 222.35
23.06.2021; 223.20; 223.60; 221.55; 222.35
24.06.2021; 222.95; 224.55; 222.45; 223.50
25.06.2021; 223.95; 224.15; 221.45; 222.05
28.06.2021; 222.90; 225.35; 222.05; 225.35
29.06.2021; 225.30; 228.25; 224.95; 228.10
30.06.2021; 228.25; 228.70; 227.25; 228.50
01.07.2021; 228.85; 229.70; 227.10; 229.35
02.07.2021; 229.00; 234.25; 228.75; 234.05
05.07.2021; 234.95; 234.95; 233.45; 234.45
06.07.2021; 234.35; 236.10; 232.35; 234.75
07.07.2021; 234.90; 237.95; 234.50; 237.45
08.07.2021; 237.00; 237.50; 231.90; 234.35
09.07.2021; 233.80; 235.40; 232.15; 233.80
12.07.2021; 234.75; 235.95; 233.25; 233.85
13.07.2021; 234.25; 239.35; 233.60; 238.70
14.07.2021; 237.90; 239.85; 237.50; 238.95
15.07.2021; 239.05; 240.05; 236.80; 237.95
16.07.2021; 238.00; 240.50; 236.70; 237.90
19.07.2021; 238.30; 239.20; 233.05; 234.85
20.07.2021; 235.95; 238.40; 234.85; 236.95
21.07.2021; 238.00; 238.50; 236.45; 238.45
22.07.2021; 239.00; 243.35; 238.60; 243.10
23.07.2021; 244.50; 246.30; 243.60; 246.00
26.07.2021; 246.00; 246.95; 242.85; 244.90
27.07.2021; 245.35; 245.95; 239.05; 242.85
28.07.2021; 243.20; 247.55; 240.80; 241.55
29.07.2021; 241.80; 242.85; 240.40; 241.00
30.07.2021; 239.35; 241.30; 238.15; 240.30
02.08.2021; 242.00; 242.95; 238.80; 239.90
03.08.2021; 240.85; 242.00; 239.35; 241.95
04.08.2021; 242.00; 244.00; 240.15; 242.00
05.08.2021; 243.00; 244.60; 241.65; 244.60
